[{
  "_id": {
    "$oid": "665867d478752cdb2e2c0a1a"
  },
  "UserId": "tapanradadiya@gmail.com",
  "UserPassword": "$2b$10$nkQuAPIZAbcFj9gBBU37puQssTD2jrYr37ddhNu6XVaKAkBHnUzK2",
  "UserRole": "ADMIN",
  "UserData": {
    "$oid": "665867d478752cdb2e2c0a18"
  },
  "__v": 0
},
{
  "_id": {
    "$oid": "6658687b5138124686b53f6b"
  },
  "UserId": "abhijitbanerjee@gmail.com",
  "UserPassword": "$2b$10$IpYeXt82iNfOm6vENGVzKePLV1eGUhoSPB20y08QQ0kEKzkLOrI3.",
  "UserRole": "PROFESSOR",
  "UserData": {
    "$oid": "6658687b5138124686b53f69"
  },
  "__v": 0
},
{
  "_id": {
    "$oid": "6659ac5b84050b2aec1af8e7"
  },
  "UserId": "john@doe",
  "UserPassword": "$2b$10$evJDOzVs.150B0YDrAC/xuWBhojozRfQLF6oRw.9mQG93FfvG21B2",
  "UserRole": "STUDENT",
  "UserData": {
    "$oid": "6659ac5a84050b2aec1af8e5"
  },
  "__v": 0
},
{
  "_id": {
    "$oid": "6659c657e852fb3fdd644751"
  },
  "UserId": "tapan@123",
  "UserPassword": "$2b$10$iwVAzjfe/WZ30cn4zHDRkuPgSGANrZR6LcrXgmK6YRE18tP1oJlee",
  "UserRole": "STUDENT",
  "UserData": {
    "$oid": "6659c657e852fb3fdd64474f"
  },
  "__v": 0
},
{
  "_id": {
    "$oid": "6659c7663a04c04a94065804"
  },
  "UserId": "tapan@313",
  "UserPassword": "$2b$10$hBV/O7.kUSddrY/hRfQ3TeCCUZGclB1OFj4EdgkzrvBIoHYW8Q2NC",
  "UserRole": "STUDENT",
  "UserData": {
    "$oid": "6659c7663a04c04a94065802"
  },
  "__v": 0
},
{
  "_id": {
    "$oid": "6659cb9ff5979c47baedba92"
  },
  "UserId": "tapan@3134",
  "UserPassword": "$2b$10$yuaqxuw/yD0bdO8VSITmFu1C6kWGthqDgUX92Bbjhweiqrz2U.OGW",
  "UserRole": "STUDENT",
  "UserData": {
    "$oid": "6659cb9ff5979c47baedba90"
  },
  "__v": 0
}]