[{
  "_id": {
    "$oid": "665d50e15b34c11f1517ee44"
  },
  "ExamCode": "Exam0001",
  "ExamName": "FirstExam",
  "SubjectName": {
    "$oid": "66581e1e54703547d393a659"
  },
  "ExamDuration": 15,
  "ExamQuestion": 5,
  "ExamTotalScore": 15,
  "ExamPassingMarks": 5,
  "ExamStartDate": {
    "$date": "2024-06-03T00:00:00.000Z"
  },
  "ExamEndDate": {
    "$date": "2024-07-01T00:00:00.000Z"
  },
  "ExamStatus": "HIDE",
  "CreatedBy": "Tapan",
  "ModifiedBy": "abhijitbanerjee@gmail.com",
  "createdAt": {
    "$date": "2024-06-03T05:13:05.556Z"
  },
  "updatedAt": {
    "$date": "2024-06-03T12:28:04.514Z"
  },
  "__v": 0
},
{
  "_id": {
    "$oid": "665d5c30de92394b1bb72361"
  },
  "ExamCode": "Exam0002",
  "ExamName": "FirstExam",
  "SubjectName": {
    "$oid": "66581e1e54703547d393a659"
  },
  "ExamDuration": 15,
  "ExamQuestion": 5,
  "ExamTotalScore": 15,
  "ExamPassingMarks": 5,
  "ExamStartDate": {
    "$date": "2024-06-03T00:00:00.000Z"
  },
  "ExamEndDate": {
    "$date": "2024-07-01T00:00:00.000Z"
  },
  "ExamStatus": "HIDE",
  "CreatedBy": "Tapan",
  "ModifiedBy": "Tapan",
  "createdAt": {
    "$date": "2024-06-03T06:01:20.369Z"
  },
  "updatedAt": {
    "$date": "2024-06-03T12:27:47.945Z"
  },
  "__v": 0
}]