[{
  "_id": {
    "$oid": "6659ac5a84050b2aec1af8e5"
  },
  "StudentName": "John Doe",
  "StudentUserName": "JOHN@DOE",
  "StudentEmailId": "johndoe456@gmail.com",
  "StudentPassword": "$2b$10$evJDOzVs.150B0YDrAC/xuWBhojozRfQLF6oRw.9mQG93FfvG21B2",
  "AppearedForExam": [],
  "createdAt": {
    "$date": "2024-05-31T10:54:19.004Z"
  },
  "updatedAt": {
    "$date": "2024-05-31T10:54:19.004Z"
  },
  "__v": 0
},
{
  "_id": {
    "$oid": "6659c7663a04c04a94065802"
  },
  "StudentName": "Tapan",
  "StudentUserName": "TAPAN@313",
  "StudentEmailId": "tapan@gmail.com",
  "StudentPassword": "$2b$10$hBV/O7.kUSddrY/hRfQ3TeCCUZGclB1OFj4EdgkzrvBIoHYW8Q2NC",
  "AppearedForExam": [],
  "createdAt": {
    "$date": "2024-05-31T12:49:42.216Z"
  },
  "updatedAt": {
    "$date": "2024-05-31T12:49:42.216Z"
  },
  "__v": 0
},
{
  "_id": {
    "$oid": "6659cb9ff5979c47baedba90"
  },
  "StudentName": "Tapan",
  "StudentUserName": "TAPAN@3134",
  "StudentEmailId": "tapands@gmail.com",
  "StudentPassword": "$2b$10$yuaqxuw/yD0bdO8VSITmFu1C6kWGthqDgUX92Bbjhweiqrz2U.OGW",
  "AppearedForExam": [],
  "createdAt": {
    "$date": "2024-05-31T13:07:43.051Z"
  },
  "updatedAt": {
    "$date": "2024-05-31T13:07:43.051Z"
  },
  "__v": 0
}]