{
    "BMW": {
        "X5": [
            2015,
            2016,
            2017
        ],
        "X6": [
            2015,
            2016,
            2017,
            2018,
            2019,
            2020
        ],
        "X7": [
            2015,
            2016,
            2017,
            2018,
            2019,
            2020,
            2021,
            2022
        ]
    },
    "AUDI": {
        "Q7": [
            2019,
            2020,
            2021,
            2022,
            2023
        ],
        "Q6": [
            2016,
            2017,
            2018,
            2019,
            2020,
            2021
        ],
        "Q5": [
            2016,
            2017,
            2018,
            2019
        ]
    },
    "Hyundai": {
        "Creata": [
            2015,
            2016,
            2017,
            2018,
            2019,
            2020,
            2021,
            2022,
            2023,
            2024
        ],
        "Venue": [
            2019,
            2020,
            2021,
            2022,
            2023,
            2024
        ],
        "Verna": [
            2006,
            2007,
            2008,
            2010,
            2013,
            2015,
            2016,
            2018,
            2019,
            2022,
            2024
        ],
        "Elantra": [
            1990,
            1995,
            2000,
            2003,
            2004,
            2006,
            2007,
            2008,
            2009,
            2015,
            2020,
            2023,
            2024
        ]
    },
    "TATA": {
        "Punch": [
            2021,
            2022,
            2023,
            2024
        ],
        "Harrier": [
            2019,
            2020,
            2021,
            2022,
            2023,
            2024
        ],
        "Altroz": [
            2020,
            2021,
            2022,
            2023,
            2024
        ],
        "Nexon": [
            2017,
            2018,
            2019,
            2020,
            2021,
            2022,
            2023,
            2024
        ]
    }
}