[
    {
        "MovieId": 1,
        "MovieName": "Movie-1",
        "MoviePoster": "https://fakestoreapi.com/img/81fPKd-2AYL._AC_SL1500_.jpg",
        "Venue": [
            {
                "VenueId": 1,
                "VenueName": "Rajhans",
                "Address": "Ashram Rd, opp. City Gold Cinema",
                "IsAvailable": true,
                "TotalSeats": 10,
                "Seats": [
                    {
                        "Silver": [
                            {
                                "SeatNo": "A-01",
                                "IsAvailable": false
                            },
                            {
                                "SeatNo": "A-02",
                                "IsAvailable": true
                            },
                            {
                                "SeatNo": "A-03",
                                "IsAvailable": false
                            },
                            {
                                "SeatNo": "A-04",
                                "IsAvailable": true
                            },
                            {
                                "SeatNo": "A-05",
                                "IsAvailable": false
                            },
                            {
                                "SeatNo": "A-06",
                                "IsAvailable": true
                            },
                            {
                                "SeatNo": "A-07",
                                "IsAvailable": false
                            },
                            {
                                "SeatNo": "A-08",
                                "IsAvailable": true
                            },
                            {
                                "SeatNo": "A-09",
                                "IsAvailable": true
                            },
                            {
                                "SeatNo": "A-10",
                                "IsAvailable": true
                            },
                            {
                                "SeatNo": "A-11",
                                "IsAvailable": true
                            },
                            {
                                "SeatNo": "A-12",
                                "IsAvailable": true
                            }
                        ],
                        "Price": 150
                    },
                    {
                        "Gold": [
                            {
                                "SeatNo": "B-01",
                                "IsAvailable": true
                            },
                            {
                                "SeatNo": "B-02",
                                "IsAvailable": true
                            },
                            {
                                "SeatNo": "B-03",
                                "IsAvailable": false
                            },
                            {
                                "SeatNo": "B-04",
                                "IsAvailable": true
                            },
                            {
                                "SeatNo": "B-05",
                                "IsAvailable": false
                            },
                            {
                                "SeatNo": "B-06",
                                "IsAvailable": true
                            },
                            {
                                "SeatNo": "B-07",
                                "IsAvailable": false
                            },
                            {
                                "SeatNo": "B-08",
                                "IsAvailable": true
                            },
                            {
                                "SeatNo": "B-09",
                                "IsAvailable": true
                            },
                            {
                                "SeatNo": "B-10",
                                "IsAvailable": true
                            },
                            {
                                "SeatNo": "B-11",
                                "IsAvailable": true
                            },
                            {
                                "SeatNo": "B-12",
                                "IsAvailable": true
                            }
                        ],
                        "Price": 200
                    },
                    {
                        "Balcony": [
                            {
                                "SeatNo": "C-01",
                                "IsAvailable": true
                            },
                            {
                                "SeatNo": "C-02",
                                "IsAvailable": true
                            },
                            {
                                "SeatNo": "C-03",
                                "IsAvailable": false
                            },
                            {
                                "SeatNo": "C-04",
                                "IsAvailable": true
                            },
                            {
                                "SeatNo": "C-05",
                                "IsAvailable": false
                            },
                            {
                                "SeatNo": "C-06",
                                "IsAvailable": true
                            },
                            {
                                "SeatNo": "C-07",
                                "IsAvailable": false
                            },
                            {
                                "SeatNo": "C-08",
                                "IsAvailable": true
                            },
                            {
                                "SeatNo": "C-09",
                                "IsAvailable": true
                            },
                            {
                                "SeatNo": "C-10",
                                "IsAvailable": true
                            },
                            {
                                "SeatNo": "C-11",
                                "IsAvailable": true
                            },
                            {
                                "SeatNo": "C-12",
                                "IsAvailable": true
                            }
                        ],
                        "Price": 350
                    }
                ]
            },
            {
                "VenueId": 2,
                "VenueName": "Apple Multiplex",
                "Address": "Vandematram, 6th Floor, Block A, SHAKTI ETC, Nr. D-Mart, Gota Rd, opp. Nayra Petrol Pump, Gota, Ahmedabad, Gujarat 382481",
                "IsAvailable": true,
                "TotalSeats": 10,
                "Seats": [
                    {
                        "Silver": [
                            {
                                "SeatNo": "A-01",
                                "IsAvailable": true
                            },
                            {
                                "SeatNo": "A-02",
                                "IsAvailable": true
                            },
                            {
                                "SeatNo": "A-03",
                                "IsAvailable": false
                            },
                            {
                                "SeatNo": "A-04",
                                "IsAvailable": true
                            },
                            {
                                "SeatNo": "A-05",
                                "IsAvailable": false
                            },
                            {
                                "SeatNo": "A-06",
                                "IsAvailable": true
                            },
                            {
                                "SeatNo": "A-07",
                                "IsAvailable": false
                            },
                            {
                                "SeatNo": "A-08",
                                "IsAvailable": true
                            },
                            {
                                "SeatNo": "A-09",
                                "IsAvailable": true
                            },
                            {
                                "SeatNo": "A-10",
                                "IsAvailable": true
                            },
                            {
                                "SeatNo": "A-11",
                                "IsAvailable": true
                            },
                            {
                                "SeatNo": "A-12",
                                "IsAvailable": true
                            }
                        ],
                        "Price": 150
                    },
                    {
                        "Gold": [
                            {
                                "SeatNo": "B-01",
                                "IsAvailable": true
                            },
                            {
                                "SeatNo": "B-02",
                                "IsAvailable": true
                            },
                            {
                                "SeatNo": "B-03",
                                "IsAvailable": false
                            },
                            {
                                "SeatNo": "B-04",
                                "IsAvailable": true
                            },
                            {
                                "SeatNo": "B-05",
                                "IsAvailable": false
                            },
                            {
                                "SeatNo": "B-06",
                                "IsAvailable": true
                            },
                            {
                                "SeatNo": "B-07",
                                "IsAvailable": false
                            },
                            {
                                "SeatNo": "B-08",
                                "IsAvailable": true
                            },
                            {
                                "SeatNo": "B-09",
                                "IsAvailable": true
                            },
                            {
                                "SeatNo": "B-10",
                                "IsAvailable": true
                            },
                            {
                                "SeatNo": "B-11",
                                "IsAvailable": true
                            },
                            {
                                "SeatNo": "B-12",
                                "IsAvailable": true
                            }
                        ],
                        "Price": 200
                    },
                    {
                        "Balcony": [
                            {
                                "SeatNo": "C-01",
                                "IsAvailable": true
                            },
                            {
                                "SeatNo": "C-02",
                                "IsAvailable": true
                            },
                            {
                                "SeatNo": "C-03",
                                "IsAvailable": false
                            },
                            {
                                "SeatNo": "C-04",
                                "IsAvailable": true
                            },
                            {
                                "SeatNo": "C-05",
                                "IsAvailable": false
                            },
                            {
                                "SeatNo": "C-06",
                                "IsAvailable": true
                            },
                            {
                                "SeatNo": "C-07",
                                "IsAvailable": false
                            },
                            {
                                "SeatNo": "C-08",
                                "IsAvailable": true
                            },
                            {
                                "SeatNo": "C-09",
                                "IsAvailable": true
                            },
                            {
                                "SeatNo": "C-10",
                                "IsAvailable": true
                            },
                            {
                                "SeatNo": "C-11",
                                "IsAvailable": true
                            },
                            {
                                "SeatNo": "C-12",
                                "IsAvailable": true
                            }
                        ],
                        "Price": 350
                    }
                ]
            },
            {
                "VenueId": 3,
                "VenueName": "P Square Movieplex",
                "Address": "New SG Rd, Opp Shrifal Appartment B/h Shukan Gold, Gota, Ahmedabad, Gujarat 382481",
                "IsAvailable": false,
                "TotalSeats": 10,
                "Seats": [
                    {
                        "Silver": [
                            {
                                "SeatNo": "A-01",
                                "IsAvailable": true
                            },
                            {
                                "SeatNo": "A-02",
                                "IsAvailable": true
                            },
                            {
                                "SeatNo": "A-03",
                                "IsAvailable": false
                            },
                            {
                                "SeatNo": "A-04",
                                "IsAvailable": true
                            },
                            {
                                "SeatNo": "A-05",
                                "IsAvailable": false
                            },
                            {
                                "SeatNo": "A-06",
                                "IsAvailable": true
                            },
                            {
                                "SeatNo": "A-07",
                                "IsAvailable": false
                            },
                            {
                                "SeatNo": "A-08",
                                "IsAvailable": true
                            },
                            {
                                "SeatNo": "A-09",
                                "IsAvailable": true
                            },
                            {
                                "SeatNo": "A-10",
                                "IsAvailable": true
                            },
                            {
                                "SeatNo": "A-11",
                                "IsAvailable": true
                            },
                            {
                                "SeatNo": "A-12",
                                "IsAvailable": true
                            }
                        ],
                        "Price": 150
                    },
                    {
                        "Gold": [
                            {
                                "SeatNo": "B-01",
                                "IsAvailable": true
                            },
                            {
                                "SeatNo": "B-02",
                                "IsAvailable": true
                            },
                            {
                                "SeatNo": "B-03",
                                "IsAvailable": false
                            },
                            {
                                "SeatNo": "B-04",
                                "IsAvailable": true
                            },
                            {
                                "SeatNo": "B-05",
                                "IsAvailable": false
                            },
                            {
                                "SeatNo": "B-06",
                                "IsAvailable": true
                            },
                            {
                                "SeatNo": "B-07",
                                "IsAvailable": false
                            },
                            {
                                "SeatNo": "B-08",
                                "IsAvailable": true
                            },
                            {
                                "SeatNo": "B-09",
                                "IsAvailable": true
                            },
                            {
                                "SeatNo": "B-10",
                                "IsAvailable": true
                            },
                            {
                                "SeatNo": "B-11",
                                "IsAvailable": true
                            },
                            {
                                "SeatNo": "B-12",
                                "IsAvailable": true
                            }
                        ],
                        "Price": 200
                    },
                    {
                        "Balcony": [
                            {
                                "SeatNo": "C-01",
                                "IsAvailable": true
                            },
                            {
                                "SeatNo": "C-02",
                                "IsAvailable": true
                            },
                            {
                                "SeatNo": "C-03",
                                "IsAvailable": false
                            },
                            {
                                "SeatNo": "C-04",
                                "IsAvailable": true
                            },
                            {
                                "SeatNo": "C-05",
                                "IsAvailable": false
                            },
                            {
                                "SeatNo": "C-06",
                                "IsAvailable": true
                            },
                            {
                                "SeatNo": "C-07",
                                "IsAvailable": false
                            },
                            {
                                "SeatNo": "C-08",
                                "IsAvailable": true
                            },
                            {
                                "SeatNo": "C-09",
                                "IsAvailable": true
                            },
                            {
                                "SeatNo": "C-10",
                                "IsAvailable": true
                            },
                            {
                                "SeatNo": "C-11",
                                "IsAvailable": true
                            },
                            {
                                "SeatNo": "C-12",
                                "IsAvailable": true
                            }
                        ],
                        "Price": 350
                    }
                ]
            }
        ]
    },
    {
        "MovieId": 2,
        "MovieName": "Movie-2",
        "MoviePoster": "https://fakestoreapi.com/img/71-3HjGNDUL._AC_SY879._SX._UX._SY._UY_.jpg",
        "Venue": [
            {
                "VenueId": 4,
                "Address": "3rd Floor, Aamrakunj Arne, 44TP Road, near Gwalbhog, Nigam Nagar, Chandkheda, Ahmedabad, Gujarat 382424",
                "VenueName": "NY Cinemas Ahmedabad",
                "IsAvailable": false,
                "TotalSeats": 10,
                "Seats": [
                    {
                        "Silver": [
                            {
                                "SeatNo": "A-01",
                                "IsAvailable": true
                            },
                            {
                                "SeatNo": "A-02",
                                "IsAvailable": true
                            },
                            {
                                "SeatNo": "A-03",
                                "IsAvailable": false
                            },
                            {
                                "SeatNo": "A-04",
                                "IsAvailable": true
                            },
                            {
                                "SeatNo": "A-05",
                                "IsAvailable": false
                            },
                            {
                                "SeatNo": "A-06",
                                "IsAvailable": true
                            },
                            {
                                "SeatNo": "A-07",
                                "IsAvailable": false
                            },
                            {
                                "SeatNo": "A-08",
                                "IsAvailable": true
                            },
                            {
                                "SeatNo": "A-09",
                                "IsAvailable": true
                            },
                            {
                                "SeatNo": "A-10",
                                "IsAvailable": true
                            },
                            {
                                "SeatNo": "A-11",
                                "IsAvailable": true
                            },
                            {
                                "SeatNo": "A-12",
                                "IsAvailable": true
                            }
                        ],
                        "Price": 150
                    },
                    {
                        "Gold": [
                            {
                                "SeatNo": "B-01",
                                "IsAvailable": true
                            },
                            {
                                "SeatNo": "B-02",
                                "IsAvailable": true
                            },
                            {
                                "SeatNo": "B-03",
                                "IsAvailable": false
                            },
                            {
                                "SeatNo": "B-04",
                                "IsAvailable": true
                            },
                            {
                                "SeatNo": "B-05",
                                "IsAvailable": false
                            },
                            {
                                "SeatNo": "B-06",
                                "IsAvailable": true
                            },
                            {
                                "SeatNo": "B-07",
                                "IsAvailable": false
                            },
                            {
                                "SeatNo": "B-08",
                                "IsAvailable": true
                            },
                            {
                                "SeatNo": "B-09",
                                "IsAvailable": true
                            },
                            {
                                "SeatNo": "B-10",
                                "IsAvailable": true
                            },
                            {
                                "SeatNo": "B-11",
                                "IsAvailable": true
                            },
                            {
                                "SeatNo": "B-12",
                                "IsAvailable": true
                            }
                        ],
                        "Price": 200
                    },
                    {
                        "Balcony": [
                            {
                                "SeatNo": "C-01",
                                "IsAvailable": true
                            },
                            {
                                "SeatNo": "C-02",
                                "IsAvailable": true
                            },
                            {
                                "SeatNo": "C-03",
                                "IsAvailable": false
                            },
                            {
                                "SeatNo": "C-04",
                                "IsAvailable": true
                            },
                            {
                                "SeatNo": "C-05",
                                "IsAvailable": false
                            },
                            {
                                "SeatNo": "C-06",
                                "IsAvailable": true
                            },
                            {
                                "SeatNo": "C-07",
                                "IsAvailable": false
                            },
                            {
                                "SeatNo": "C-08",
                                "IsAvailable": true
                            },
                            {
                                "SeatNo": "C-09",
                                "IsAvailable": true
                            },
                            {
                                "SeatNo": "C-10",
                                "IsAvailable": true
                            },
                            {
                                "SeatNo": "C-11",
                                "IsAvailable": true
                            },
                            {
                                "SeatNo": "C-12",
                                "IsAvailable": true
                            }
                        ],
                        "Price": 350
                    }
                ]
            },
            {
                "VenueId": 5,
                "Address": " Plot No-18, Suman City, Suman Tower, 101, Road, Sector 11, Gandhinagar, Gujarat 382011",
                "VenueName": "PVR Cinemax Suman Gandhinagar",
                "IsAvailable": false,
                "TotalSeats": 10,
                "Seats": [
                    {
                        "Silver": [
                            {
                                "SeatNo": "A-01",
                                "IsAvailable": true
                            },
                            {
                                "SeatNo": "A-02",
                                "IsAvailable": true
                            },
                            {
                                "SeatNo": "A-03",
                                "IsAvailable": false
                            },
                            {
                                "SeatNo": "A-04",
                                "IsAvailable": true
                            },
                            {
                                "SeatNo": "A-05",
                                "IsAvailable": false
                            },
                            {
                                "SeatNo": "A-06",
                                "IsAvailable": true
                            },
                            {
                                "SeatNo": "A-07",
                                "IsAvailable": false
                            },
                            {
                                "SeatNo": "A-08",
                                "IsAvailable": true
                            },
                            {
                                "SeatNo": "A-09",
                                "IsAvailable": true
                            },
                            {
                                "SeatNo": "A-10",
                                "IsAvailable": true
                            },
                            {
                                "SeatNo": "A-11",
                                "IsAvailable": true
                            },
                            {
                                "SeatNo": "A-12",
                                "IsAvailable": true
                            }
                        ],
                        "Price": 150
                    },
                    {
                        "Gold": [
                            {
                                "SeatNo": "B-01",
                                "IsAvailable": true
                            },
                            {
                                "SeatNo": "B-02",
                                "IsAvailable": true
                            },
                            {
                                "SeatNo": "B-03",
                                "IsAvailable": false
                            },
                            {
                                "SeatNo": "B-04",
                                "IsAvailable": true
                            },
                            {
                                "SeatNo": "B-05",
                                "IsAvailable": false
                            },
                            {
                                "SeatNo": "B-06",
                                "IsAvailable": true
                            },
                            {
                                "SeatNo": "B-07",
                                "IsAvailable": false
                            },
                            {
                                "SeatNo": "B-08",
                                "IsAvailable": true
                            },
                            {
                                "SeatNo": "B-09",
                                "IsAvailable": true
                            },
                            {
                                "SeatNo": "B-10",
                                "IsAvailable": true
                            },
                            {
                                "SeatNo": "B-11",
                                "IsAvailable": true
                            },
                            {
                                "SeatNo": "B-12",
                                "IsAvailable": true
                            }
                        ],
                        "Price": 200
                    },
                    {
                        "Balcony": [
                            {
                                "SeatNo": "C-01",
                                "IsAvailable": true
                            },
                            {
                                "SeatNo": "C-02",
                                "IsAvailable": true
                            },
                            {
                                "SeatNo": "C-03",
                                "IsAvailable": false
                            },
                            {
                                "SeatNo": "C-04",
                                "IsAvailable": true
                            },
                            {
                                "SeatNo": "C-05",
                                "IsAvailable": false
                            },
                            {
                                "SeatNo": "C-06",
                                "IsAvailable": true
                            },
                            {
                                "SeatNo": "C-07",
                                "IsAvailable": false
                            },
                            {
                                "SeatNo": "C-08",
                                "IsAvailable": true
                            },
                            {
                                "SeatNo": "C-09",
                                "IsAvailable": true
                            },
                            {
                                "SeatNo": "C-10",
                                "IsAvailable": true
                            },
                            {
                                "SeatNo": "C-11",
                                "IsAvailable": true
                            },
                            {
                                "SeatNo": "C-12",
                                "IsAvailable": true
                            }
                        ],
                        "Price": 350
                    }
                ]
            },
            {
                "VenueId": 6,
                "Address": "5JGQ+3M3, Randesan Rd, Kudasan, Gandhinagar, Gujarat 382421",
                "VenueName": "City Pulse Cinema Gandhinagar",
                "IsAvailable": false,
                "TotalSeats": 10,
                "Seats": [
                    {
                        "Silver": [
                            {
                                "SeatNo": "A-01",
                                "IsAvailable": true
                            },
                            {
                                "SeatNo": "A-02",
                                "IsAvailable": true
                            },
                            {
                                "SeatNo": "A-03",
                                "IsAvailable": false
                            },
                            {
                                "SeatNo": "A-04",
                                "IsAvailable": true
                            },
                            {
                                "SeatNo": "A-05",
                                "IsAvailable": false
                            },
                            {
                                "SeatNo": "A-06",
                                "IsAvailable": true
                            },
                            {
                                "SeatNo": "A-07",
                                "IsAvailable": false
                            },
                            {
                                "SeatNo": "A-08",
                                "IsAvailable": true
                            },
                            {
                                "SeatNo": "A-09",
                                "IsAvailable": true
                            },
                            {
                                "SeatNo": "A-10",
                                "IsAvailable": true
                            },
                            {
                                "SeatNo": "A-11",
                                "IsAvailable": true
                            },
                            {
                                "SeatNo": "A-12",
                                "IsAvailable": true
                            }
                        ],
                        "Price": 150
                    },
                    {
                        "Gold": [
                            {
                                "SeatNo": "B-01",
                                "IsAvailable": true
                            },
                            {
                                "SeatNo": "B-02",
                                "IsAvailable": true
                            },
                            {
                                "SeatNo": "B-03",
                                "IsAvailable": false
                            },
                            {
                                "SeatNo": "B-04",
                                "IsAvailable": true
                            },
                            {
                                "SeatNo": "B-05",
                                "IsAvailable": false
                            },
                            {
                                "SeatNo": "B-06",
                                "IsAvailable": true
                            },
                            {
                                "SeatNo": "B-07",
                                "IsAvailable": false
                            },
                            {
                                "SeatNo": "B-08",
                                "IsAvailable": true
                            },
                            {
                                "SeatNo": "B-09",
                                "IsAvailable": true
                            },
                            {
                                "SeatNo": "B-10",
                                "IsAvailable": true
                            },
                            {
                                "SeatNo": "B-11",
                                "IsAvailable": true
                            },
                            {
                                "SeatNo": "B-12",
                                "IsAvailable": true
                            }
                        ],
                        "Price": 200
                    },
                    {
                        "Balcony": [
                            {
                                "SeatNo": "C-01",
                                "IsAvailable": true
                            },
                            {
                                "SeatNo": "C-02",
                                "IsAvailable": true
                            },
                            {
                                "SeatNo": "C-03",
                                "IsAvailable": false
                            },
                            {
                                "SeatNo": "C-04",
                                "IsAvailable": true
                            },
                            {
                                "SeatNo": "C-05",
                                "IsAvailable": false
                            },
                            {
                                "SeatNo": "C-06",
                                "IsAvailable": true
                            },
                            {
                                "SeatNo": "C-07",
                                "IsAvailable": false
                            },
                            {
                                "SeatNo": "C-08",
                                "IsAvailable": true
                            },
                            {
                                "SeatNo": "C-09",
                                "IsAvailable": true
                            },
                            {
                                "SeatNo": "C-10",
                                "IsAvailable": true
                            },
                            {
                                "SeatNo": "C-11",
                                "IsAvailable": true
                            },
                            {
                                "SeatNo": "C-12",
                                "IsAvailable": true
                            }
                        ],
                        "Price": 350
                    }
                ]
            }
        ]
    }
]