[{"Question":"Which of the following statement is valid to use a Node module http in a Node based application?","OptionA":"var http = require(\"http\");","OptionB":"var http = import(\"http\");","OptionC":"package http;","OptionD":"import http;","Answers":["OptionA","OptionB"]},{"Question":"Which of the following is true about package.json?","OptionA":"package.json is present in the root directory of any Node application/module.","OptionB":"package.json is used to define the properties of a package.","OptionC":"package.json can be used to update dependencies of a Node application.","OptionD":"All of the above.","Answers":["OptionD"]},{"Question":"Which of the following provides in-built events.","OptionA":"events","OptionB":"callback","OptionC":"throw","OptionD":"handler","Answers":["OptionA","OptionB"]},{"Question":"Which of the following is true about global objects in Node applications?","OptionA":"Global objects are global in nature and they are available in all modules.","OptionB":"Global objects are nore required to be included in application, rather they can be used directly.","OptionC":"Both of the above.","OptionD":"None of the above.","Answers":["OptionC"]},{"Question":"Which of the following module is required for operating system specific operations?","OptionA":"os module","OptionB":"fs module","OptionC":"net module","OptionD":"None of the above.","Answers":["OptionA","OptionB"]},{"Question":"Which of the following is the correct way to get a joint path?","OptionA":"path.join('/test', 'test1', '2slashes/1slash', 'tab', '..')","OptionB":"path.combine('/test', 'test1', '2slashes/1slash', 'tab', '..')","OptionC":"buffer.join('/test', 'test1', '2slashes/1slash', 'tab', '..')","OptionD":"None of the above.","Answers":["OptionA"]},{"Question":"Which of the following module is required for exception handling in Node?","OptionA":"web module","OptionB":"net module","OptionC":"domain module","OptionD":"error module","Answers":["OptionA","OptionB"]},{"Question":"Which of the following code can make a request to a web server?","OptionA":"http.request(options, callback)","OptionB":"http.createRequest(options, callback)","OptionC":"http.makeRequest(options, callback)","OptionD":"None of the above.","Answers":["OptionA"]},{"Question":"Each type of Stream is an EventEmitter.","OptionA":"True","OptionB":"False","Answers":["OptionA"]}]