{
	"info": {
		"_postman_id": "23efcc4a-6cc5-4827-a52a-10cbb8351c7c",
		"name": "Banking App",
		"schema": "https://schema.getpostman.com/json/collection/v2.1.0/collection.json"
	},
	"item": [
		{
			"name": "InitData",
			"item": [
				{
					"name": "AddBankData",
					"request": {
						"method": "POST",
						"header": [],
						"url": {
							"raw": "http://localhost:8080/initData/addBankAccountData",
							"protocol": "http",
							"host": [
								"localhost"
							],
							"port": "8080",
							"path": [
								"initData",
								"addBankAccountData"
							]
						}
					},
					"response": []
				},
				{
					"name": "AddUserData",
					"request": {
						"method": "POST",
						"header": [],
						"url": {
							"raw": "http://localhost:8080/initData/addUserData",
							"protocol": "http",
							"host": [
								"localhost"
							],
							"port": "8080",
							"path": [
								"initData",
								"addUserData"
							]
						}
					},
					"response": []
				},
				{
					"name": "AddEmployeeData",
					"request": {
						"method": "POST",
						"header": [],
						"url": {
							"raw": "http://localhost:8080/initData/addEmployeeData",
							"protocol": "http",
							"host": [
								"localhost"
							],
							"port": "8080",
							"path": [
								"initData",
								"addEmployeeData"
							]
						}
					},
					"response": []
				}
			]
		},
		{
			"name": "employeeRoutes",
			"item": [
				{
					"name": "getWalletData",
					"request": {
						"method": "GET",
						"header": [],
						"url": {
							"raw": "http://localhost:8080/employee/getWalletData",
							"protocol": "http",
							"host": [
								"localhost"
							],
							"port": "8080",
							"path": [
								"employee",
								"getWalletData"
							]
						}
					},
					"response": []
				},
				{
					"name": "addFunds",
					"request": {
						"method": "POST",
						"header": [],
						"body": {
							"mode": "raw",
							"raw": "{\n    \"amount\":200\n}",
							"options": {
								"raw": {
									"language": "json"
								}
							}
						},
						"url": {
							"raw": "http://localhost:8080/employee/addFunds",
							"protocol": "http",
							"host": [
								"localhost"
							],
							"port": "8080",
							"path": [
								"employee",
								"addFunds"
							]
						}
					},
					"response": []
				},
				{
					"name": "sendMoney",
					"request": {
						"method": "POST",
						"header": [],
						"body": {
							"mode": "raw",
							"raw": "{\n    \"Recipient\":1,\n    \"Amount\":100\n}",
							"options": {
								"raw": {
									"language": "json"
								}
							}
						},
						"url": {
							"raw": "http://localhost:8080/employee/sendMoney",
							"protocol": "http",
							"host": [
								"localhost"
							],
							"port": "8080",
							"path": [
								"employee",
								"sendMoney"
							]
						}
					},
					"response": []
				},
				{
					"name": "getAllEmployeeData",
					"request": {
						"method": "GET",
						"header": [],
						"url": {
							"raw": "http://localhost:8080/employee/getEmployeeData",
							"protocol": "http",
							"host": [
								"localhost"
							],
							"port": "8080",
							"path": [
								"employee",
								"getEmployeeData"
							]
						}
					},
					"response": []
				}
			]
		},
		{
			"name": "loginUser",
			"request": {
				"method": "POST",
				"header": [],
				"body": {
					"mode": "raw",
					"raw": "{\n    \"UserName\":\"jane_smith\",\n    \"Password\":\"password2\"\n}",
					"options": {
						"raw": {
							"language": "json"
						}
					}
				},
				"url": {
					"raw": "http://localhost:8080/login",
					"protocol": "http",
					"host": [
						"localhost"
					],
					"port": "8080",
					"path": [
						"login"
					]
				}
			},
			"response": []
		}
	]
}